{
  "info": "Generated from countries-10m.geojson with fallbacks",
  "generated": "2025-10-04T08:33:31.351Z",
  "totalMappings": 351,
  "codes": {
    "Indonesia": "IDN",
    "Malaysia": "MYS",
    "Chile": "CHL",
    "Bolivia": "BOL",
    "Peru": "PER",
    "Argentina": "ARG",
    "Dhekelia": "ESB",
    "Dhekelia Cantonment": "ESB",
    "Dhekelia Sovereign Base Area": "ESB",
    "United Kingdom": "FLK",
    "Cyprus": "CYP",
    "India": "IND",
    "China": "CHN",
    "People's Republic of China": "CHN",
    "Macau": "MAC",
    "Israel": "PSE",
    "Palestine": "PSE",
    "Lebanon": "LBN",
    "Ethiopia": "ETH",
    "S. Sudan": "SSD",
    "South Sudan": "SSD",
    "Somalia": "SOM",
    "Kenya": "KEN",
    "Malawi": "MWI",
    "Tanzania": "TZA",
    "United Republic of Tanzania": "TZA",
    "Syria": "SYR",
    "Somaliland": "SOL",
    "France": "CLP",
    "Suriname": "SUR",
    "Guyana": "GUY",
    "South Korea": "KOR",
    "Republic of Korea": "KOR",
    "North Korea": "PRK",
    "Dem. Rep. Korea": "PRK",
    "Morocco": "MAR",
    "W. Sahara": "ESH",
    "Western Sahara": "ESH",
    "Costa Rica": "CRI",
    "Nicaragua": "NIC",
    "Congo": "COG",
    "Republic of the Congo": "COG",
    "Dem. Rep. Congo": "COD",
    "Democratic Republic of the Congo": "COD",
    "Bhutan": "BTN",
    "Ukraine": "UKR",
    "Belarus": "BLR",
    "Namibia": "NAM",
    "South Africa": "ZAF",
    "St-Martin": "MAF",
    "Saint Martin": "MAF",
    "Saint-Martin": "MAF",
    "Sint Maarten": "SXM",
    "Netherlands": "ABW",
    "Oman": "OMN",
    "Uzbekistan": "UZB",
    "Kazakhstan": "KAB",
    "Tajikistan": "TJK",
    "Lithuania": "LTU",
    "Brazil": "BRA",
    "Uruguay": "URY",
    "Mongolia": "MNG",
    "Russia": "RUS",
    "Russian Federation": "RUS",
    "Czechia": "CZE",
    "Czech Republic": "CZE",
    "Germany": "DEU",
    "Estonia": "EST",
    "Latvia": "LVA",
    "Norway": "NOR",
    "Sweden": "SWE",
    "Finland": "ALA",
    "Vietnam": "VNM",
    "Cambodia": "KHM",
    "Luxembourg": "LUX",
    "United Arab Emirates": "ARE",
    "Belgium": "BEL",
    "Georgia": "GEO",
    "North Macedonia": "MKD",
    "Albania": "ALB",
    "Azerbaijan": "AZE",
    "Kosovo": "KOS",
    "Turkey": "TUR",
    "Spain": "ESP",
    "Laos": "LAO",
    "Lao PDR": "LAO",
    "Kyrgyzstan": "KGZ",
    "Armenia": "ARM",
    "Denmark": "FRO",
    "Libya": "LBY",
    "Tunisia": "TUN",
    "Romania": "ROU",
    "Hungary": "HUN",
    "Slovakia": "SVK",
    "Poland": "POL",
    "Ireland": "IRL",
    "Greece": "GRC",
    "Zambia": "ZMB",
    "Sierra Leone": "SLE",
    "Guinea": "GIN",
    "Liberia": "LBR",
    "Central African Rep.": "CAF",
    "Central African Republic": "CAF",
    "Sudan": "SDN",
    "Djibouti": "DJI",
    "Eritrea": "ERI",
    "Austria": "AUT",
    "Iraq": "IRQ",
    "Italy": "ITA",
    "Switzerland": "CHE",
    "Iran": "IRN",
    "Liechtenstein": "LIE",
    "Côte d'Ivoire": "CIV",
    "Ivory Coast": "CIV",
    "Serbia": "SRB",
    "Republic of Serbia": "SRB",
    "Mali": "MLI",
    "Senegal": "SEN",
    "Nigeria": "NGA",
    "Benin": "BEN",
    "Angola": "AGO",
    "Croatia": "HRV",
    "Slovenia": "SVN",
    "Qatar": "QAT",
    "Saudi Arabia": "SAU",
    "Botswana": "BWA",
    "Zimbabwe": "ZWE",
    "Pakistan": "PAK",
    "Bulgaria": "BGR",
    "Thailand": "THA",
    "San Marino": "SMR",
    "Haiti": "HTI",
    "Dominican Rep.": "DOM",
    "Dominican Republic": "DOM",
    "Chad": "TCD",
    "Kuwait": "KWT",
    "El Salvador": "SLV",
    "Guatemala": "GTM",
    "Timor-Leste": "TLS",
    "East Timor": "TLS",
    "Brunei": "BRN",
    "Brunei Darussalam": "BRN",
    "Monaco": "MCO",
    "Algeria": "DZA",
    "Mozambique": "MOZ",
    "eSwatini": "SWZ",
    "Eswatini": "SWZ",
    "Kingdom of eSwatini": "SWZ",
    "Burundi": "BDI",
    "Rwanda": "RWA",
    "Myanmar": "MMR",
    "Bangladesh": "BGD",
    "Andorra": "AND",
    "Afghanistan": "AFG",
    "Montenegro": "MNE",
    "Bosnia and Herz.": "BIH",
    "Bosnia and Herzegovina": "BIH",
    "Uganda": "UGA",
    "USNB Guantanamo Bay": "USG",
    "Guantanamo Bay Naval Base": "USG",
    "US Naval Base Guantanamo Bay": "USG",
    "Cuba": "CUB",
    "Guantanamo Bay USNB": "USG",
    "Honduras": "HND",
    "Ecuador": "ECU",
    "Colombia": "COL",
    "Paraguay": "PRY",
    "Brazilian I.": "BRI",
    "Brazilian Island": "BRI",
    "Portugal": "PRT",
    "Moldova": "MDA",
    "Turkmenistan": "TKM",
    "Jordan": "JOR",
    "Nepal": "NPL",
    "Lesotho": "LSO",
    "Cameroon": "CMR",
    "Gabon": "GAB",
    "Niger": "NER",
    "Burkina Faso": "BFA",
    "Togo": "TGO",
    "Ghana": "GHA",
    "Guinea-Bissau": "GNB",
    "Gibraltar": "GIB",
    "United States of America": "MNP",
    "United States": "USA",
    "Canada": "CAN",
    "Mexico": "MEX",
    "Belize": "BLZ",
    "Panama": "PAN",
    "Venezuela": "VEN",
    "Papua New Guinea": "PNG",
    "Egypt": "EGY",
    "Yemen": "YEM",
    "Mauritania": "MRT",
    "Eq. Guinea": "GNQ",
    "Equatorial Guinea": "GNQ",
    "Gambia": "GMB",
    "The Gambia": "GMB",
    "Hong Kong": "HKG",
    "Hong Kong S.A.R.": "HKG",
    "Vatican": "VAT",
    "Vatican City": "VAT",
    "N. Cyprus": "CYN",
    "Turkish Republic of Northern Cyprus": "CYN",
    "Northern Cyprus": "CYN",
    "Cyprus U.N. Buffer Zone": "CNM",
    "United Nations Buffer Zone in Cyprus": "CNM",
    "Cyprus No Mans Area": "CNM",
    "Siachen Glacier": "KAS",
    "Kashmir": "KAS",
    "Baikonur": "KAB",
    "Baykonur Cosmodrome": "KAB",
    "Baikonur Cosmodrome": "KAB",
    "Baykonur": "KAB",
    "Akrotiri": "WSB",
    "Akrotiri Sovereign Base Area": "WSB",
    "Southern Patagonian Ice Field": "SPI",
    "Bir Tawil": "BRT",
    "Antarctica": "ATA",
    "Australia": "ATC",
    "Greenland": "GRL",
    "Fiji": "FJI",
    "New Zealand": "NIU",
    "New Caledonia": "NCL",
    "Madagascar": "MDG",
    "Philippines": "PHL",
    "Sri Lanka": "LKA",
    "Curaçao": "CUW",
    "Aruba": "ABW",
    "Bahamas": "BHS",
    "The Bahamas": "BHS",
    "Turks and Caicos Is.": "TCA",
    "Turks and Caicos Islands": "TCA",
    "Taiwan": "TWN",
    "Japan": "JPN",
    "St. Pierre and Miquelon": "SPM",
    "Saint Pierre and Miquelon": "SPM",
    "Iceland": "ISL",
    "Pitcairn Is.": "PCN",
    "Pitcairn Islands": "PCN",
    "Fr. Polynesia": "PYF",
    "French Polynesia": "PYF",
    "Fr. S. Antarctic Lands": "ATF",
    "French Southern and Antarctic Lands": "ATF",
    "Fr. S. and Antarctic Lands": "ATF",
    "Seychelles": "SYC",
    "Kiribati": "KIR",
    "Marshall Is.": "MHL",
    "Marshall Islands": "MHL",
    "Trinidad and Tobago": "TTO",
    "Grenada": "GRD",
    "St. Vin. and Gren.": "VCT",
    "Saint Vincent and the Grenadines": "VCT",
    "Barbados": "BRB",
    "Saint Lucia": "LCA",
    "Dominica": "DMA",
    "U.S. Minor Outlying Is.": "UMI",
    "United States Minor Outlying Islands": "UMI",
    "Montserrat": "MSR",
    "Antigua and Barb.": "ATG",
    "Antigua and Barbuda": "ATG",
    "St. Kitts and Nevis": "KNA",
    "Saint Kitts and Nevis": "KNA",
    "U.S. Virgin Is.": "VIR",
    "United States Virgin Islands": "VIR",
    "St-Barthélemy": "BLM",
    "Saint Barthélemy": "BLM",
    "Saint Barthelemy": "BLM",
    "Saint-Barthélemy": "BLM",
    "Puerto Rico": "PRI",
    "Anguilla": "AIA",
    "British Virgin Is.": "VGB",
    "British Virgin Islands": "VGB",
    "Jamaica": "JAM",
    "Cayman Is.": "CYM",
    "Cayman Islands": "CYM",
    "Bermuda": "BMU",
    "Heard I. and McDonald Is.": "HMD",
    "Heard Island and McDonald Islands": "HMD",
    "Heard I. and McDonald Islands": "HMD",
    "Saint Helena": "SHN",
    "Mauritius": "MUS",
    "Comoros": "COM",
    "São Tomé and Principe": "STP",
    "São Tomé and Príncipe": "STP",
    "Sao Tome and Principe": "STP",
    "Cabo Verde": "CPV",
    "Cape Verde": "CPV",
    "Republic of Cabo Verde": "CPV",
    "Malta": "MLT",
    "Jersey": "JEY",
    "Guernsey": "GGY",
    "Isle of Man": "IMN",
    "Åland": "ALA",
    "Aland": "ALA",
    "Åland Islands": "ALA",
    "Faeroe Is.": "FRO",
    "Faroe Islands": "FRO",
    "Faeroe Islands": "FRO",
    "Indian Ocean Ter.": "IOA",
    "Australian Indian Ocean Territories": "IOA",
    "Indian Ocean Territories": "IOA",
    "Br. Indian Ocean Ter.": "IOT",
    "British Indian Ocean Territory": "IOT",
    "Singapore": "SGP",
    "Norfolk Island": "NFK",
    "Cook Is.": "COK",
    "Cook Islands": "COK",
    "Tonga": "TON",
    "Wallis and Futuna Is.": "WLF",
    "Wallis and Futuna": "WLF",
    "Wallis and Futuna Islands": "WLF",
    "Samoa": "WSM",
    "Solomon Is.": "SLB",
    "Solomon Islands": "SLB",
    "Tuvalu": "TUV",
    "Maldives": "MDV",
    "Nauru": "NRU",
    "Micronesia": "FSM",
    "Federated States of Micronesia": "FSM",
    "S. Geo. and the Is.": "SGS",
    "South Georgia and the South Sandwich Islands": "SGS",
    "South Georgia and the Islands": "SGS",
    "Falkland Is.": "FLK",
    "Falkland Islands": "FLK",
    "Falkland Islands / Malvinas": "FLK",
    "Vanuatu": "VUT",
    "Niue": "NIU",
    "American Samoa": "ASM",
    "Palau": "PLW",
    "Guam": "GUM",
    "N. Mariana Is.": "MNP",
    "Northern Mariana Islands": "MNP",
    "Bahrain": "BHR",
    "Coral Sea Is.": "CSI",
    "Coral Sea Islands": "CSI",
    "Spratly Is.": "PGA",
    "Wake Island": "PGA",
    "Spratly Islands": "PGA",
    "Clipperton I.": "CLP",
    "Clipperton Island": "CLP",
    "Macao": "MAC",
    "Macau": "MAC",
    "Macao S.A.R": "MAC",
    "Ashmore and Cartier Is.": "ATC",
    "Ashmore and Cartier Islands": "ATC",
    "Bajo Nuevo Bank": "BJN",
    "Bajo Nuevo Bank (Petrel Is.)": "BJN",
    "Bajo Nuevo Bank (Petrel Islands)": "BJN",
    "Serranilla Bank": "SER",
    "Scarborough Reef": "SCR",
    "Scarborough Shoal": "SCR"
  }
}